Student_ID,Age,Gender,Academic_Level,Country,Avg_Daily_Usage_Hours,Most_Used_Platform,Affects_Academic_Performance,Sleep_Hours_Per_Night,Mental_Health_Score,Relationship_Status,Conflicts_Over_Social_Media,Addicted_Score,Usage_Level,Addiction_Level
1,19,Female,Undergraduate,Bangladesh,5.2,Instagram,Yes,6.5,6,In Relationship,3,8,High,High
2,22,Male,Graduate,India,2.1,Twitter,No,7.5,8,Single,0,3,Medium,Low
3,20,Female,Undergraduate,USA,6.0,TikTok,Yes,5.0,5,Complicated,4,9,High,High
4,18,Male,High School,UK,3.0,YouTube,No,7.0,7,Single,1,4,Medium,Moderate
5,21,Male,Graduate,Canada,4.5,Facebook,Yes,6.0,6,In Relationship,2,7,Medium,High
6,19,Female,Undergraduate,Australia,7.2,Instagram,Yes,4.5,4,Complicated,5,9,High,High
7,23,Male,Graduate,Germany,1.5,LinkedIn,No,8.0,9,Single,0,2,Low,Low
8,20,Female,Undergraduate,Brazil,5.8,Snapchat,Yes,6.0,6,In Relationship,2,8,High,High
9,18,Male,High School,Japan,4.0,TikTok,No,6.5,7,Single,1,5,Medium,Moderate
10,21,Female,Graduate,South Korea,3.3,Instagram,No,7.0,7,In Relationship,1,4,Medium,Moderate
11,19,Male,Undergraduate,France,4.8,Snapchat,Yes,6.2,5,Complicated,3,7,Medium,High
12,20,Female,Undergraduate,Spain,5.5,TikTok,Yes,5.8,6,In Relationship,2,8,High,High
13,22,Male,Graduate,Italy,2.8,LinkedIn,No,7.2,8,Single,1,4,Medium,Moderate
14,18,Female,High School,Mexico,6.5,Instagram,Yes,5.5,5,Single,4,9,High,High
15,21,Male,Undergraduate,Russia,3.7,YouTube,No,6.8,7,In Relationship,2,5,Medium,Moderate
16,20,Female,Undergraduate,China,4.2,TikTok,Yes,6.0,6,Complicated,3,7,Medium,High
17,24,Male,Graduate,Sweden,2.0,LinkedIn,No,7.8,8,Single,0,3,Low,Low
18,19,Female,High School,Norway,5.0,Instagram,Yes,5.7,5,In Relationship,3,8,Medium,High
19,21,Male,Undergraduate,Denmark,3.5,Facebook,No,6.7,7,Single,1,5,Medium,Moderate
20,20,Female,Undergraduate,Netherlands,4.7,Snapchat,Yes,5.9,6,Complicated,3,7,Medium,High
21,18,Male,High School,Belgium,5.3,TikTok,Yes,5.5,5,Single,4,8,High,High
22,23,Female,Graduate,Switzerland,2.5,LinkedIn,No,7.3,8,In Relationship,1,4,Medium,Moderate
23,19,Male,Undergraduate,Austria,4.9,Instagram,Yes,5.8,6,Complicated,3,7,Medium,High
24,20,Female,Undergraduate,Portugal,5.7,TikTok,Yes,5.4,5,Single,4,8,High,High
25,22,Male,Graduate,Greece,3.2,Facebook,No,6.9,7,In Relationship,2,5,Medium,Moderate
26,19,Female,High School,Ireland,6.1,Instagram,Yes,5.2,5,Complicated,4,9,High,High
27,21,Male,Undergraduate,New Zealand,3.8,YouTube,No,6.6,7,Single,1,5,Medium,Moderate
28,20,Female,Undergraduate,Singapore,4.4,TikTok,Yes,5.9,6,In Relationship,3,7,Medium,High
29,24,Male,Graduate,Malaysia,2.2,LinkedIn,No,7.4,8,Single,0,3,Medium,Low
30,19,Female,High School,Thailand,5.9,Instagram,Yes,5.3,5,Complicated,4,8,High,High
31,21,Male,Undergraduate,Vietnam,3.6,Facebook,No,6.7,7,Single,1,5,Medium,Moderate
32,20,Female,Undergraduate,Philippines,4.8,Snapchat,Yes,5.7,6,In Relationship,3,7,Medium,High
33,18,Male,High School,Indonesia,5.4,TikTok,Yes,5.4,5,Complicated,4,8,High,High
34,23,Female,Graduate,Taiwan,2.6,LinkedIn,No,7.2,8,Single,1,4,Medium,Moderate
35,19,Male,Undergraduate,Hong Kong,4.7,Instagram,Yes,5.8,6,In Relationship,3,7,Medium,High
36,20,Female,Undergraduate,Turkey,5.6,TikTok,Yes,5.5,5,Complicated,4,8,High,High
37,22,Male,Graduate,Israel,3.1,Facebook,No,6.8,7,Single,1,5,Medium,Moderate
38,19,Female,High School,UAE,6.2,Instagram,Yes,5.1,5,In Relationship,4,9,High,High
39,21,Male,Undergraduate,Egypt,3.9,YouTube,No,6.5,7,Complicated,2,6,Medium,Moderate
40,20,Female,Undergraduate,Morocco,4.5,TikTok,Yes,5.8,6,Single,3,7,Medium,High
41,24,Male,Graduate,South Africa,2.3,LinkedIn,No,7.3,8,In Relationship,1,4,Medium,Moderate
42,19,Female,High School,Nigeria,5.8,Instagram,Yes,5.4,5,Complicated,4,8,High,High
43,21,Male,Undergraduate,Kenya,3.7,Facebook,No,6.6,7,Single,2,5,Medium,Moderate
44,20,Female,Undergraduate,Ghana,4.6,Snapchat,Yes,5.7,6,In Relationship,3,7,Medium,High
45,18,Male,High School,Argentina,5.5,TikTok,Yes,5.3,5,Single,4,8,High,High
46,23,Female,Graduate,Chile,2.7,LinkedIn,No,7.1,8,Complicated,1,4,Medium,Moderate
47,19,Male,Undergraduate,Colombia,4.8,Instagram,Yes,5.9,6,In Relationship,3,7,Medium,High
48,20,Female,Undergraduate,Peru,5.5,TikTok,Yes,5.6,5,Single,4,8,High,High
49,22,Male,Graduate,Venezuela,3.3,Facebook,No,6.7,7,In Relationship,2,5,Medium,Moderate
50,19,Female,High School,Ecuador,6.3,Instagram,Yes,5.2,5,Complicated,4,9,High,High
51,21,Male,Undergraduate,Uruguay,3.8,YouTube,No,6.4,7,Single,2,6,Medium,Moderate
52,20,Female,Undergraduate,Paraguay,4.7,TikTok,Yes,5.8,6,In Relationship,3,7,Medium,High
53,24,Male,Graduate,Bolivia,2.4,LinkedIn,No,7.2,8,Complicated,1,4,Medium,Moderate
54,19,Female,High School,Costa Rica,5.7,Instagram,Yes,5.5,5,Single,4,8,High,High
55,21,Male,Undergraduate,Panama,3.6,Facebook,No,6.5,7,In Relationship,2,5,Medium,Moderate
56,20,Female,Undergraduate,Jamaica,4.9,Snapchat,Yes,5.6,6,Complicated,3,7,Medium,High
57,18,Male,High School,Trinidad,5.6,TikTok,Yes,5.2,5,Single,4,8,High,High
58,23,Female,Graduate,Bahamas,2.8,LinkedIn,No,7.0,8,In Relationship,1,4,Medium,Moderate
59,19,Male,Undergraduate,Iceland,4.6,Instagram,Yes,5.9,6,Complicated,3,7,Medium,High
60,20,Female,Undergraduate,Finland,5.4,TikTok,Yes,5.7,5,Single,4,8,High,High
61,22,Male,Graduate,Poland,3.1,Facebook,No,7.1,7,Single,1,5,Medium,Moderate
62,19,Female,Undergraduate,Romania,5.6,Instagram,Yes,5.6,5,In Relationship,3,8,High,High
63,20,Male,Undergraduate,Hungary,4.2,TikTok,Yes,6.0,6,Complicated,3,7,Medium,High
64,18,Female,High School,Czech Republic,6.1,Snapchat,Yes,5.2,4,Single,4,9,High,High
65,23,Male,Graduate,Slovakia,2.3,LinkedIn,No,7.4,8,In Relationship,1,3,Medium,Low
66,21,Female,Undergraduate,Croatia,4.8,Instagram,Yes,5.8,6,Single,3,7,Medium,High
67,20,Male,Undergraduate,Serbia,3.9,YouTube,No,6.5,7,Complicated,2,6,Medium,Moderate
68,19,Female,High School,Slovenia,5.7,TikTok,Yes,5.4,5,In Relationship,4,8,High,High
69,22,Male,Graduate,Bulgaria,2.8,LinkedIn,No,7.2,8,Single,1,4,Medium,Moderate
70,20,Female,Undergraduate,Estonia,4.5,Instagram,Yes,5.9,6,Complicated,3,7,Medium,High
71,18,Male,High School,Latvia,5.4,Snapchat,Yes,5.5,5,Single,4,8,High,High
72,21,Female,Graduate,Lithuania,3.2,Facebook,No,6.8,7,In Relationship,2,5,Medium,Moderate
73,19,Male,Undergraduate,Ukraine,4.9,TikTok,Yes,5.7,6,Complicated,3,7,Medium,High
74,20,Female,Undergraduate,Moldova,5.8,Instagram,Yes,5.3,5,Single,4,8,High,High
75,23,Male,Graduate,Belarus,2.5,LinkedIn,No,7.3,8,In Relationship,1,4,Medium,Moderate
76,21,Female,Undergraduate,Kazakhstan,4.6,Snapchat,Yes,5.8,6,Single,3,7,Medium,High
77,19,Male,High School,Uzbekistan,5.5,TikTok,Yes,5.4,5,Complicated,4,8,High,High
78,22,Female,Graduate,Kyrgyzstan,2.9,Facebook,No,7.0,7,In Relationship,2,5,Medium,Moderate
79,20,Male,Undergraduate,Tajikistan,4.7,YouTube,Yes,5.9,6,Single,3,7,Medium,High
80,18,Female,High School,Armenia,5.9,Instagram,Yes,5.2,5,Complicated,4,9,High,High
81,21,Male,Graduate,Georgia,3.0,LinkedIn,No,7.1,8,In Relationship,1,4,Medium,Moderate
82,19,Female,Undergraduate,Azerbaijan,4.8,TikTok,Yes,5.7,6,Single,3,7,Medium,High
83,20,Male,Undergraduate,Cyprus,3.8,Facebook,No,6.6,7,Complicated,2,6,Medium,Moderate
84,22,Female,Graduate,Malta,2.7,LinkedIn,No,7.2,8,In Relationship,1,4,Medium,Moderate
85,18,Male,High School,Luxembourg,5.6,Snapchat,Yes,5.3,5,Single,4,8,High,High
86,21,Female,Undergraduate,Monaco,4.5,Instagram,Yes,5.8,6,Complicated,3,7,Medium,High
87,19,Male,High School,Andorra,5.3,TikTok,Yes,5.5,5,In Relationship,4,8,High,High
88,23,Female,Graduate,San Marino,2.6,LinkedIn,No,7.3,8,Single,1,4,Medium,Moderate
89,20,Male,Undergraduate,Vatican City,4.4,YouTube,Yes,6.0,6,Complicated,3,7,Medium,High
90,18,Female,High School,Liechtenstein,5.8,Instagram,Yes,5.2,5,Single,4,9,High,High
91,22,Male,Graduate,Montenegro,2.9,Facebook,No,7.0,7,In Relationship,2,5,Medium,Moderate
92,19,Female,Undergraduate,Albania,4.7,TikTok,Yes,5.8,6,Complicated,3,7,Medium,High
93,21,Male,Undergraduate,North Macedonia,3.7,Snapchat,No,6.5,7,Single,2,6,Medium,Moderate
94,20,Female,High School,Kosovo,5.5,Instagram,Yes,5.4,5,In Relationship,4,8,High,High
95,23,Male,Graduate,Bosnia,2.4,LinkedIn,No,7.4,8,Complicated,1,4,Medium,Moderate
96,19,Female,Undergraduate,Qatar,4.9,TikTok,Yes,5.7,6,Single,3,7,Medium,High
97,18,Male,High School,Kuwait,5.7,Snapchat,Yes,5.3,5,In Relationship,4,8,High,High
98,22,Female,Graduate,Bahrain,2.8,LinkedIn,No,7.1,8,Complicated,1,4,Medium,Moderate
99,20,Male,Undergraduate,Oman,4.6,Instagram,Yes,5.9,6,Single,3,7,Medium,High
100,21,Female,Undergraduate,Jordan,5.4,TikTok,Yes,5.5,5,In Relationship,4,8,High,High
101,19,Male,High School,Lebanon,5.8,YouTube,Yes,5.2,5,Complicated,4,9,High,High
102,23,Female,Graduate,Iraq,2.5,LinkedIn,No,7.3,8,Single,1,4,Medium,Moderate
103,20,Male,Undergraduate,Yemen,4.7,Facebook,Yes,5.8,6,In Relationship,3,7,Medium,High
104,18,Female,High School,Syria,5.6,Instagram,Yes,5.4,5,Single,4,8,High,High
105,22,Male,Graduate,Afghanistan,2.9,LinkedIn,No,7.0,7,Complicated,2,5,Medium,Moderate
106,19,Female,Undergraduate,Pakistan,4.8,TikTok,Yes,5.7,6,In Relationship,3,7,Medium,High
107,21,Male,Undergraduate,Nepal,3.8,YouTube,No,6.6,7,Single,2,6,Medium,Moderate
108,20,Female,High School,Bhutan,5.5,Snapchat,Yes,5.5,5,Complicated,4,8,High,High
109,23,Male,Graduate,Sri Lanka,2.6,LinkedIn,No,7.2,8,In Relationship,1,4,Medium,Moderate
110,19,Female,Undergraduate,Maldives,4.9,Instagram,Yes,5.8,6,Single,3,7,Medium,High
111,20,Male,Undergraduate,Bangladesh,6.1,Instagram,Yes,6.2,5,Single,4,8,High,High
112,21,Female,Undergraduate,India,5.8,TikTok,Yes,5.9,6,In Relationship,3,7,High,High
113,19,Male,Undergraduate,Nepal,4.9,Facebook,No,7.1,7,Single,2,5,Medium,Moderate
114,22,Female,Graduate,Pakistan,5.5,Instagram,Yes,6.0,5,Single,4,8,High,High
115,20,Male,Undergraduate,Sri Lanka,5.2,TikTok,Yes,6.3,6,In Relationship,3,7,High,High
116,19,Female,Undergraduate,Maldives,4.8,Instagram,No,7.2,8,Single,2,5,Medium,Moderate
117,21,Male,Graduate,Bangladesh,6.0,Facebook,Yes,5.8,5,In Relationship,4,8,High,High
118,20,Female,Undergraduate,India,5.7,Instagram,Yes,6.1,6,Single,3,7,High,High
119,22,Male,Graduate,Nepal,4.7,TikTok,No,7.3,7,Single,2,5,Medium,Moderate
120,19,Female,Undergraduate,Pakistan,5.4,Instagram,Yes,6.2,5,In Relationship,4,8,High,High
121,20,Male,Undergraduate,Sri Lanka,5.9,Facebook,Yes,5.9,6,Single,3,7,High,High
122,21,Female,Graduate,Maldives,4.6,Instagram,No,7.4,8,In Relationship,2,5,Medium,Moderate
123,19,Male,Undergraduate,Bangladesh,5.3,TikTok,Yes,6.3,5,Single,4,8,High,High
124,22,Female,Graduate,India,5.8,Instagram,Yes,5.8,6,In Relationship,3,7,High,High
125,20,Male,Undergraduate,Nepal,4.5,Facebook,No,7.5,7,Single,2,5,Medium,Moderate
126,21,Female,Graduate,Pakistan,5.2,Instagram,Yes,6.4,5,In Relationship,4,8,High,High
127,19,Male,Undergraduate,Sri Lanka,5.7,TikTok,Yes,5.7,6,Single,3,7,High,High
128,20,Female,Undergraduate,Maldives,4.4,Instagram,No,7.6,8,In Relationship,2,5,Medium,Moderate
129,22,Male,Graduate,Bangladesh,5.1,Facebook,Yes,6.5,5,Single,4,8,High,High
130,21,Female,Graduate,India,5.6,Instagram,Yes,5.6,6,In Relationship,3,7,High,High
131,19,Male,Undergraduate,Nepal,4.3,TikTok,No,7.7,7,Single,2,5,Medium,Moderate
132,20,Female,Undergraduate,Pakistan,5.0,Instagram,Yes,6.6,5,In Relationship,4,8,Medium,High
133,22,Male,Graduate,Sri Lanka,5.5,Facebook,Yes,5.5,6,Single,3,7,High,High
134,21,Female,Graduate,Maldives,4.2,Instagram,No,7.8,8,In Relationship,2,5,Medium,Moderate
135,19,Male,Undergraduate,Bangladesh,4.9,TikTok,Yes,6.7,5,Single,4,8,Medium,High
136,20,Female,Undergraduate,India,5.4,Instagram,Yes,5.4,6,In Relationship,3,7,High,High
137,22,Male,Graduate,Nepal,4.1,Facebook,No,7.9,7,Single,2,5,Medium,Moderate
138,21,Female,Graduate,Pakistan,4.8,Instagram,Yes,6.8,5,In Relationship,4,8,Medium,High
139,19,Male,Undergraduate,Sri Lanka,5.3,TikTok,Yes,5.3,6,Single,3,7,High,High
140,20,Female,Undergraduate,Maldives,4.0,Instagram,No,8.0,8,In Relationship,2,5,Medium,Moderate
141,22,Male,Graduate,Bangladesh,4.7,Facebook,Yes,6.9,5,Single,4,8,Medium,High
142,21,Female,Graduate,India,5.2,Instagram,Yes,5.2,6,In Relationship,3,7,High,High
143,19,Male,Undergraduate,Nepal,3.9,TikTok,No,8.1,7,Single,2,5,Medium,Moderate
144,20,Female,Undergraduate,Pakistan,4.6,Instagram,Yes,7.0,5,In Relationship,4,8,Medium,High
145,22,Male,Graduate,Sri Lanka,5.1,Facebook,Yes,5.1,6,Single,3,7,High,High
146,21,Female,Graduate,Maldives,3.8,Instagram,No,8.2,8,In Relationship,2,5,Medium,Moderate
147,19,Male,Undergraduate,Bangladesh,4.5,TikTok,Yes,7.1,5,Single,4,8,Medium,High
148,20,Female,Undergraduate,India,5.0,Instagram,Yes,5.0,6,In Relationship,3,7,Medium,High
149,22,Male,Graduate,Nepal,3.7,Facebook,No,8.3,7,Single,2,5,Medium,Moderate
150,21,Female,Graduate,Pakistan,4.4,Instagram,Yes,7.2,5,In Relationship,4,8,Medium,High
151,19,Male,Undergraduate,Sri Lanka,4.9,TikTok,Yes,4.9,6,Single,3,7,Medium,High
152,20,Female,Undergraduate,Maldives,3.6,Instagram,No,8.4,8,In Relationship,2,5,Medium,Moderate
153,22,Male,Graduate,Bangladesh,4.3,Facebook,Yes,7.3,5,Single,4,8,Medium,High
154,21,Female,Graduate,India,4.8,Instagram,Yes,4.8,6,In Relationship,3,7,Medium,High
155,19,Male,Undergraduate,Nepal,3.5,TikTok,No,8.5,7,Single,2,5,Medium,Moderate
156,20,Female,Undergraduate,Pakistan,4.2,Instagram,Yes,7.4,5,In Relationship,4,8,Medium,High
157,22,Male,Graduate,Sri Lanka,4.7,Facebook,Yes,4.7,6,Single,3,7,Medium,High
158,21,Female,Graduate,Maldives,3.4,Instagram,No,8.6,8,In Relationship,2,5,Medium,Moderate
159,19,Male,Undergraduate,Bangladesh,4.1,TikTok,Yes,7.5,5,Single,4,8,Medium,High
160,20,Female,Undergraduate,India,4.6,Instagram,Yes,4.6,6,In Relationship,3,7,Medium,High
161,19,Female,Undergraduate,Bangladesh,5.3,Instagram,Yes,6.1,5,Single,3,7,High,High
162,21,Male,Graduate,India,4.8,Facebook,No,7.2,7,In Relationship,2,6,Medium,Moderate
163,20,Female,Undergraduate,Nepal,5.5,TikTok,Yes,5.9,6,Single,4,8,High,High
164,22,Male,Graduate,Pakistan,4.7,Instagram,Yes,6.3,5,In Relationship,3,7,Medium,High
165,19,Female,Undergraduate,Sri Lanka,5.1,Facebook,No,7.0,7,Single,2,5,High,Moderate
166,21,Male,Graduate,Maldives,5.4,TikTok,Yes,6.0,6,In Relationship,4,8,High,High
167,20,Female,Undergraduate,Bangladesh,4.9,Instagram,Yes,6.4,5,Single,3,7,Medium,High
168,22,Male,Graduate,India,5.2,Facebook,No,7.1,7,In Relationship,2,6,High,Moderate
169,19,Female,Undergraduate,Nepal,5.6,TikTok,Yes,5.8,6,Single,4,8,High,High
170,21,Male,Graduate,Pakistan,4.6,Instagram,Yes,6.5,5,In Relationship,3,7,Medium,High
171,20,Female,Undergraduate,Sri Lanka,5.0,Facebook,No,7.3,7,Single,2,5,Medium,Moderate
172,22,Male,Graduate,Maldives,5.3,TikTok,Yes,5.7,6,In Relationship,4,8,High,High
173,19,Female,Undergraduate,Bangladesh,4.8,Instagram,Yes,6.6,5,Single,3,7,Medium,High
174,21,Male,Graduate,India,5.1,Facebook,No,7.4,7,In Relationship,2,6,High,Moderate
175,20,Female,Undergraduate,Nepal,5.7,TikTok,Yes,5.6,6,Single,4,8,High,High
176,22,Male,Graduate,Pakistan,4.5,Instagram,Yes,6.7,5,In Relationship,3,7,Medium,High
177,19,Female,Undergraduate,Sri Lanka,4.9,Facebook,No,7.5,7,Single,2,5,Medium,Moderate
178,21,Male,Graduate,Maldives,5.2,TikTok,Yes,5.5,6,In Relationship,4,8,High,High
179,20,Female,Undergraduate,Bangladesh,4.7,Instagram,Yes,6.8,5,Single,3,7,Medium,High
180,22,Male,Graduate,India,5.0,Facebook,No,7.6,7,In Relationship,2,6,Medium,Moderate
181,19,Female,Undergraduate,Nepal,5.8,TikTok,Yes,5.4,6,Single,4,8,High,High
182,21,Male,Graduate,Pakistan,4.4,Instagram,Yes,6.9,5,In Relationship,3,7,Medium,High
183,20,Female,Undergraduate,Sri Lanka,4.8,Facebook,No,7.7,7,Single,2,5,Medium,Moderate
184,22,Male,Graduate,Maldives,5.1,TikTok,Yes,5.3,6,In Relationship,4,8,High,High
185,19,Female,Undergraduate,Bangladesh,4.6,Instagram,Yes,7.0,5,Single,3,7,Medium,High
186,21,Male,Graduate,India,4.9,Facebook,No,7.8,7,In Relationship,2,6,Medium,Moderate
187,20,Female,Undergraduate,Nepal,5.9,TikTok,Yes,5.2,6,Single,4,8,High,High
188,22,Male,Graduate,Pakistan,4.3,Instagram,Yes,7.1,5,In Relationship,3,7,Medium,High
189,19,Female,Undergraduate,Sri Lanka,4.7,Facebook,No,7.9,7,Single,2,5,Medium,Moderate
190,21,Male,Graduate,Maldives,5.0,TikTok,Yes,5.1,6,In Relationship,4,8,Medium,High
191,20,Female,Undergraduate,Bangladesh,4.5,Instagram,Yes,7.2,5,Single,3,7,Medium,High
192,22,Male,Graduate,India,4.8,Facebook,No,8.0,7,In Relationship,2,6,Medium,Moderate
193,19,Female,Undergraduate,Nepal,6.0,TikTok,Yes,5.0,6,Single,4,8,High,High
194,21,Male,Graduate,Pakistan,4.2,Instagram,Yes,7.3,5,In Relationship,3,7,Medium,High
195,20,Female,Undergraduate,Sri Lanka,4.6,Facebook,No,8.1,7,Single,2,5,Medium,Moderate
196,22,Male,Graduate,Maldives,4.9,TikTok,Yes,4.9,6,In Relationship,4,8,Medium,High
197,19,Female,Undergraduate,Bangladesh,4.4,Instagram,Yes,7.4,5,Single,3,7,Medium,High
198,21,Male,Graduate,India,4.7,Facebook,No,8.2,7,In Relationship,2,6,Medium,Moderate
199,20,Female,Undergraduate,Nepal,6.1,TikTok,Yes,4.8,6,Single,4,8,High,High
200,22,Male,Graduate,Pakistan,4.1,Instagram,Yes,7.5,5,In Relationship,3,7,Medium,High
201,19,Female,Undergraduate,Sri Lanka,4.5,Facebook,No,8.3,7,Single,2,5,Medium,Moderate
202,21,Male,Graduate,Maldives,4.8,TikTok,Yes,4.7,6,In Relationship,4,8,Medium,High
203,20,Female,Undergraduate,Bangladesh,4.3,Instagram,Yes,7.6,5,Single,3,7,Medium,High
204,22,Male,Graduate,India,4.6,Facebook,No,8.4,7,In Relationship,2,6,Medium,Moderate
205,19,Female,Undergraduate,Nepal,6.2,TikTok,Yes,4.6,6,Single,4,8,High,High
206,21,Male,Graduate,Pakistan,4.0,Instagram,Yes,7.7,5,In Relationship,3,7,Medium,High
207,20,Female,Undergraduate,Sri Lanka,4.4,Facebook,No,8.5,7,Single,2,5,Medium,Moderate
208,22,Male,Graduate,Maldives,4.7,TikTok,Yes,4.5,6,In Relationship,4,8,Medium,High
209,19,Female,Undergraduate,Bangladesh,4.2,Instagram,Yes,7.8,5,Single,3,7,Medium,High
210,21,Male,Graduate,India,4.5,Facebook,No,8.6,7,In Relationship,2,6,Medium,Moderate
211,20,Female,Undergraduate,Nepal,6.3,TikTok,Yes,4.4,6,Single,4,8,High,High
212,22,Male,Graduate,Pakistan,3.9,Instagram,Yes,7.9,5,In Relationship,3,7,Medium,High
213,19,Female,Undergraduate,Sri Lanka,4.3,Facebook,No,8.7,7,Single,2,5,Medium,Moderate
214,21,Male,Graduate,Maldives,4.6,TikTok,Yes,4.3,6,In Relationship,4,8,Medium,High
215,20,Female,Undergraduate,Bangladesh,4.1,Instagram,Yes,8.0,5,Single,3,7,Medium,High
216,22,Male,Graduate,India,4.4,Facebook,No,8.8,7,In Relationship,2,6,Medium,Moderate
217,19,Female,Undergraduate,Nepal,6.4,TikTok,Yes,4.2,6,Single,4,8,High,High
218,21,Male,Graduate,Pakistan,3.8,Instagram,Yes,8.1,5,In Relationship,3,7,Medium,High
219,20,Female,Undergraduate,Sri Lanka,4.2,Facebook,No,8.9,7,Single,2,5,Medium,Moderate
220,22,Male,Graduate,Maldives,4.5,TikTok,Yes,4.1,6,In Relationship,4,8,Medium,High
221,19,Female,Undergraduate,USA,6.5,Instagram,Yes,6.0,5,Single,4,9,High,High
222,21,Male,Graduate,UK,5.8,TikTok,Yes,6.5,6,In Relationship,3,7,High,High
223,20,Female,Undergraduate,Australia,4.5,Instagram,No,7.5,8,Single,2,5,Medium,Moderate
224,22,Male,Graduate,Germany,4.2,Facebook,No,7.8,7,In Relationship,2,4,Medium,Moderate
225,19,Female,Undergraduate,Japan,3.8,LINE,No,7.9,8,Single,1,3,Medium,Low
226,21,Male,Graduate,Italy,5.5,Instagram,Yes,6.8,6,Single,3,7,High,High
227,20,Female,Undergraduate,South Korea,5.2,KakaoTalk,Yes,6.5,6,In Relationship,3,6,High,Moderate
228,22,Male,Graduate,Russia,4.8,VKontakte,No,7.2,7,Single,2,5,Medium,Moderate
229,19,Female,Undergraduate,USA,7.0,TikTok,Yes,5.8,4,In Relationship,4,9,High,High
230,21,Male,Graduate,UK,5.5,Instagram,Yes,6.7,6,Single,3,7,High,High
231,20,Female,Undergraduate,Australia,4.7,Facebook,No,7.4,7,In Relationship,2,5,Medium,Moderate
232,22,Male,Graduate,Germany,4.0,Instagram,No,7.9,8,Single,1,4,Medium,Moderate
233,19,Female,Undergraduate,Japan,3.5,LINE,No,8.0,8,Single,1,3,Medium,Low
234,21,Male,Graduate,Italy,5.7,TikTok,Yes,6.5,5,In Relationship,3,8,High,High
235,20,Female,Undergraduate,South Korea,5.0,KakaoTalk,Yes,6.8,6,Single,3,6,Medium,Moderate
236,22,Male,Graduate,Russia,4.5,VKontakte,No,7.4,7,In Relationship,2,5,Medium,Moderate
237,19,Female,Undergraduate,USA,6.8,Instagram,Yes,5.9,4,Single,4,9,High,High
238,21,Male,Graduate,UK,5.6,Facebook,Yes,6.6,6,In Relationship,3,7,High,High
239,20,Female,Undergraduate,Australia,4.6,Instagram,No,7.3,7,Single,2,5,Medium,Moderate
240,22,Male,Graduate,Germany,4.1,Facebook,No,7.7,8,In Relationship,2,4,Medium,Moderate
241,19,Female,Undergraduate,Japan,3.7,LINE,No,7.8,8,Single,1,3,Medium,Low
242,21,Male,Graduate,Italy,5.4,Instagram,Yes,6.7,5,Single,3,7,High,High
243,20,Female,Undergraduate,South Korea,5.1,KakaoTalk,Yes,6.6,6,In Relationship,3,6,High,Moderate
244,22,Male,Graduate,Russia,4.7,VKontakte,No,7.3,7,Single,2,5,Medium,Moderate
245,19,Female,Undergraduate,USA,6.9,TikTok,Yes,5.7,4,In Relationship,4,9,High,High
246,21,Male,Graduate,UK,5.7,Instagram,Yes,6.4,6,Single,3,7,High,High
247,20,Female,Undergraduate,Australia,4.8,Facebook,No,7.2,7,In Relationship,2,5,Medium,Moderate
248,22,Male,Graduate,Germany,3.9,Instagram,No,7.8,8,Single,1,4,Medium,Moderate
249,19,Female,Undergraduate,Japan,3.6,LINE,No,8.1,8,Single,1,3,Medium,Low
250,21,Male,Graduate,Italy,5.6,TikTok,Yes,6.6,5,In Relationship,3,8,High,High
251,20,Female,Undergraduate,South Korea,4.9,KakaoTalk,Yes,6.9,6,Single,3,6,Medium,Moderate
252,22,Male,Graduate,Russia,4.6,VKontakte,No,7.5,7,In Relationship,2,5,Medium,Moderate
253,19,Female,Undergraduate,USA,6.7,Instagram,Yes,5.8,4,Single,4,9,High,High
254,21,Male,Graduate,UK,5.4,Facebook,Yes,6.5,6,In Relationship,3,7,High,High
255,20,Female,Undergraduate,Australia,4.4,Instagram,No,7.4,7,Single,2,5,Medium,Moderate
256,22,Male,Graduate,Germany,4.0,Facebook,No,7.6,8,In Relationship,2,4,Medium,Moderate
257,19,Female,Undergraduate,Japan,3.4,LINE,No,8.2,8,Single,1,3,Medium,Low
258,21,Male,Graduate,Italy,5.3,Instagram,Yes,6.8,5,Single,3,7,High,High
259,20,Female,Undergraduate,South Korea,5.0,KakaoTalk,Yes,6.7,6,In Relationship,3,6,Medium,Moderate
260,22,Male,Graduate,Russia,4.4,VKontakte,No,7.6,7,Single,2,5,Medium,Moderate
261,19,Female,Undergraduate,USA,6.6,TikTok,Yes,5.6,4,In Relationship,4,9,High,High
262,21,Male,Graduate,UK,5.3,Instagram,Yes,6.3,6,Single,3,7,High,High
263,20,Female,Undergraduate,Australia,4.3,Facebook,No,7.5,7,In Relationship,2,5,Medium,Moderate
264,22,Male,Graduate,Germany,3.8,Instagram,No,7.7,8,Single,1,4,Medium,Moderate
265,19,Female,Undergraduate,Japan,3.3,LINE,No,8.3,8,Single,1,3,Medium,Low
266,21,Male,Graduate,Italy,5.2,TikTok,Yes,6.9,5,In Relationship,3,8,High,High
267,20,Female,Undergraduate,South Korea,4.8,KakaoTalk,Yes,7.0,6,Single,3,6,Medium,Moderate
268,22,Male,Graduate,Russia,4.3,VKontakte,No,7.7,7,In Relationship,2,5,Medium,Moderate
269,19,Female,Undergraduate,USA,6.4,Instagram,Yes,5.7,4,Single,4,9,High,High
270,21,Male,Graduate,UK,5.2,Facebook,Yes,6.4,6,In Relationship,3,7,High,High
271,20,Female,Undergraduate,Australia,4.5,Instagram,No,7.3,7,Single,2,5,Medium,Moderate
272,22,Male,Graduate,Germany,3.7,Facebook,No,7.8,8,In Relationship,1,4,Medium,Moderate
273,19,Female,Undergraduate,Japan,3.2,LINE,No,8.4,8,Single,1,3,Medium,Low
274,21,Male,Graduate,Italy,5.4,Instagram,Yes,6.7,5,Single,3,7,High,High
275,20,Female,Undergraduate,South Korea,4.7,KakaoTalk,Yes,7.1,6,In Relationship,3,6,Medium,Moderate
276,22,Male,Graduate,Russia,4.2,VKontakte,No,7.8,7,Single,2,5,Medium,Moderate
277,19,Female,Undergraduate,USA,6.6,TikTok,Yes,5.5,4,In Relationship,4,9,High,High
278,21,Male,Graduate,UK,5.1,Instagram,Yes,6.5,6,Single,3,7,High,High
279,20,Female,Undergraduate,Australia,4.4,Facebook,No,7.4,7,In Relationship,2,5,Medium,Moderate
280,22,Male,Graduate,Germany,3.6,Instagram,No,7.9,8,Single,1,4,Medium,Moderate
281,19,Female,Undergraduate,Japan,3.1,LINE,No,8.5,8,Single,1,3,Medium,Low
282,21,Male,Graduate,Italy,5.3,TikTok,Yes,6.8,5,In Relationship,3,8,High,High
283,20,Female,Undergraduate,South Korea,4.6,KakaoTalk,Yes,7.2,6,Single,3,6,Medium,Moderate
284,22,Male,Graduate,Russia,4.1,VKontakte,No,7.9,7,In Relationship,2,5,Medium,Moderate
285,19,Female,Undergraduate,USA,6.7,Instagram,Yes,5.4,4,Single,4,9,High,High
286,21,Male,Graduate,UK,5.0,Facebook,Yes,6.6,6,In Relationship,3,7,Medium,High
287,20,Female,Undergraduate,Australia,4.3,Instagram,No,7.5,7,Single,2,5,Medium,Moderate
288,22,Male,Graduate,Germany,3.5,Facebook,No,8.0,8,In Relationship,1,4,Medium,Moderate
289,19,Female,Undergraduate,Japan,3.0,LINE,No,8.6,8,Single,1,3,Medium,Low
290,21,Male,Graduate,Italy,5.2,Instagram,Yes,6.9,5,Single,3,7,High,High
291,20,Female,Undergraduate,South Korea,4.5,KakaoTalk,Yes,7.3,6,In Relationship,3,6,Medium,Moderate
292,22,Male,Graduate,Russia,4.0,VKontakte,No,8.0,7,Single,2,5,Medium,Moderate
293,19,Female,Undergraduate,USA,6.8,TikTok,Yes,5.3,4,In Relationship,4,9,High,High
294,21,Male,Graduate,UK,4.9,Instagram,Yes,6.7,6,Single,3,7,Medium,High
295,20,Female,Undergraduate,Australia,4.2,Facebook,No,7.6,7,In Relationship,2,5,Medium,Moderate
296,22,Male,Graduate,Germany,3.4,Instagram,No,8.1,8,Single,1,4,Medium,Moderate
297,19,Female,Undergraduate,Japan,2.9,LINE,No,8.7,8,Single,1,3,Medium,Low
298,21,Male,Graduate,Italy,5.1,TikTok,Yes,7.0,5,In Relationship,3,8,High,High
299,20,Female,Undergraduate,South Korea,4.4,KakaoTalk,Yes,7.4,6,Single,3,6,Medium,Moderate
300,22,Male,Graduate,Russia,3.9,VKontakte,No,8.1,7,In Relationship,2,5,Medium,Moderate
301,19,Female,Undergraduate,USA,6.9,Instagram,Yes,5.2,4,Single,4,9,High,High
302,21,Male,Graduate,UK,4.8,Facebook,Yes,6.8,6,In Relationship,3,7,Medium,High
303,20,Female,Undergraduate,Australia,4.1,Instagram,No,7.7,7,Single,2,5,Medium,Moderate
304,22,Male,Graduate,Germany,3.3,Facebook,No,8.2,8,In Relationship,1,4,Medium,Moderate
305,19,Female,Undergraduate,Japan,2.8,LINE,No,8.8,8,Single,1,3,Medium,Low
306,21,Male,Graduate,Italy,5.0,Instagram,Yes,7.1,5,Single,3,7,Medium,High
307,20,Female,Undergraduate,South Korea,4.3,KakaoTalk,Yes,7.5,6,In Relationship,3,6,Medium,Moderate
308,22,Male,Graduate,Russia,3.8,VKontakte,No,8.2,7,Single,2,5,Medium,Moderate
309,19,Female,Undergraduate,USA,7.0,TikTok,Yes,5.1,4,In Relationship,4,9,High,High
310,21,Male,Graduate,UK,4.7,Instagram,Yes,6.9,6,Single,3,7,Medium,High
311,20,Female,Undergraduate,Australia,4.0,Facebook,No,7.8,7,In Relationship,2,5,Medium,Moderate
312,22,Male,Graduate,Germany,3.2,Instagram,No,8.3,8,Single,1,4,Medium,Moderate
313,19,Female,Undergraduate,Japan,2.7,LINE,No,8.9,8,Single,1,3,Medium,Low
314,21,Male,Graduate,Italy,4.9,TikTok,Yes,7.2,5,In Relationship,3,8,Medium,High
315,20,Female,Undergraduate,South Korea,4.2,KakaoTalk,Yes,7.6,6,Single,3,6,Medium,Moderate
316,22,Male,Graduate,Russia,3.7,VKontakte,No,8.3,7,In Relationship,2,5,Medium,Moderate
317,19,Female,Undergraduate,USA,7.1,Instagram,Yes,5.0,4,Single,4,9,High,High
318,21,Male,Graduate,UK,4.6,Facebook,Yes,7.0,6,In Relationship,3,7,Medium,High
319,20,Female,Undergraduate,Australia,3.9,Instagram,No,7.9,7,Single,2,5,Medium,Moderate
320,22,Male,Graduate,Germany,3.1,Facebook,No,8.4,8,In Relationship,1,4,Medium,Moderate
321,19,Female,Undergraduate,Spain,5.2,Instagram,Yes,6.8,6,Single,3,7,High,High
322,21,Male,Graduate,Denmark,4.1,Facebook,No,7.8,8,In Relationship,2,4,Medium,Moderate
323,20,Female,Undergraduate,Ireland,5.0,Instagram,Yes,7.0,7,Single,3,6,Medium,Moderate
324,22,Male,Graduate,India,5.8,WhatsApp,Yes,6.5,5,In Relationship,4,8,High,High
325,19,Female,Undergraduate,Switzerland,4.0,Instagram,No,7.9,8,Single,2,4,Medium,Moderate
326,21,Male,Graduate,Turkey,5.5,Instagram,Yes,6.7,6,Single,3,7,High,High
327,20,Female,Undergraduate,USA,6.8,TikTok,Yes,5.5,5,In Relationship,4,9,High,High
328,22,Male,Graduate,Mexico,5.6,WhatsApp,Yes,6.6,6,Single,3,7,High,High
329,19,Female,Undergraduate,France,4.5,Instagram,No,7.5,7,In Relationship,2,5,Medium,Moderate
330,21,Male,Graduate,Canada,5.3,Instagram,Yes,6.9,6,Single,3,7,High,High
331,20,Female,Undergraduate,Spain,5.1,TikTok,Yes,6.7,6,Single,3,7,High,High
332,22,Male,Graduate,Denmark,3.9,Facebook,No,7.9,8,In Relationship,2,4,Medium,Moderate
333,19,Female,Undergraduate,Ireland,4.8,Instagram,Yes,7.1,7,Single,3,6,Medium,Moderate
334,21,Male,Graduate,India,5.9,WhatsApp,Yes,6.4,5,In Relationship,4,8,High,High
335,20,Female,Undergraduate,Switzerland,3.8,Instagram,No,8.0,8,Single,2,4,Medium,Moderate
336,22,Male,Graduate,Turkey,5.4,TikTok,Yes,6.8,6,Single,3,7,High,High
337,19,Female,Undergraduate,USA,6.9,Instagram,Yes,5.4,5,In Relationship,4,9,High,High
338,21,Male,Graduate,Mexico,5.7,WhatsApp,Yes,6.5,6,Single,3,7,High,High
339,20,Female,Undergraduate,France,4.4,Instagram,No,7.6,7,In Relationship,2,5,Medium,Moderate
340,22,Male,Graduate,Canada,5.2,TikTok,Yes,7.0,6,Single,3,7,High,High
341,19,Female,Undergraduate,Spain,5.0,Instagram,Yes,6.9,6,Single,3,7,Medium,High
342,21,Male,Graduate,Denmark,3.8,Facebook,No,8.0,8,In Relationship,2,4,Medium,Moderate
343,20,Female,Undergraduate,Ireland,4.7,TikTok,Yes,7.2,7,Single,3,6,Medium,Moderate
344,22,Male,Graduate,India,6.0,WhatsApp,Yes,6.3,5,In Relationship,4,8,High,High
345,19,Female,Undergraduate,Switzerland,3.7,Instagram,No,8.1,8,Single,2,4,Medium,Moderate
346,21,Male,Graduate,Turkey,5.3,Instagram,Yes,6.9,6,Single,3,7,High,High
347,20,Female,Undergraduate,USA,7.0,TikTok,Yes,5.3,5,In Relationship,4,9,High,High
348,22,Male,Graduate,Mexico,5.8,WhatsApp,Yes,6.4,6,Single,3,7,High,High
349,19,Female,Undergraduate,France,4.3,Instagram,No,7.7,7,In Relationship,2,5,Medium,Moderate
350,21,Male,Graduate,Canada,5.1,Instagram,Yes,7.1,6,Single,3,7,High,High
351,20,Female,Undergraduate,Spain,4.9,TikTok,Yes,7.0,6,Single,3,7,Medium,High
352,22,Male,Graduate,Denmark,3.7,Facebook,No,8.1,8,In Relationship,2,4,Medium,Moderate
353,19,Female,Undergraduate,Ireland,4.6,Instagram,Yes,7.3,7,Single,3,6,Medium,Moderate
354,21,Male,Graduate,India,6.1,WhatsApp,Yes,6.2,5,In Relationship,4,8,High,High
355,20,Female,Undergraduate,Switzerland,3.6,Instagram,No,8.2,8,Single,2,4,Medium,Moderate
356,22,Male,Graduate,Turkey,5.2,TikTok,Yes,7.0,6,Single,3,7,High,High
357,19,Female,Undergraduate,USA,7.1,Instagram,Yes,5.2,5,In Relationship,4,9,High,High
358,21,Male,Graduate,Mexico,5.9,WhatsApp,Yes,6.3,6,Single,3,7,High,High
359,20,Female,Undergraduate,France,4.2,Instagram,No,7.8,7,In Relationship,2,5,Medium,Moderate
360,22,Male,Graduate,Canada,5.0,TikTok,Yes,7.2,6,Single,3,7,Medium,High
361,19,Female,Undergraduate,Spain,4.8,Instagram,Yes,7.1,6,Single,3,7,Medium,High
362,21,Male,Graduate,Denmark,3.6,Facebook,No,8.2,8,In Relationship,2,4,Medium,Moderate
363,20,Female,Undergraduate,Ireland,4.5,TikTok,Yes,7.4,7,Single,3,6,Medium,Moderate
364,22,Male,Graduate,India,6.2,WhatsApp,Yes,6.1,5,In Relationship,4,8,High,High
365,19,Female,Undergraduate,Switzerland,3.5,Instagram,No,8.3,8,Single,2,4,Medium,Moderate
366,21,Male,Graduate,Turkey,5.1,Instagram,Yes,7.1,6,Single,3,7,High,High
367,20,Female,Undergraduate,USA,7.2,TikTok,Yes,5.1,5,In Relationship,4,9,High,High
368,22,Male,Graduate,Mexico,6.0,WhatsApp,Yes,6.2,6,Single,3,7,High,High
369,19,Female,Undergraduate,France,4.1,Instagram,No,7.9,7,In Relationship,2,5,Medium,Moderate
370,21,Male,Graduate,Canada,4.9,Instagram,Yes,7.3,6,Single,3,7,Medium,High
371,20,Female,Undergraduate,Spain,4.7,TikTok,Yes,7.2,6,Single,3,7,Medium,High
372,22,Male,Graduate,Denmark,3.5,Facebook,No,8.3,8,In Relationship,2,4,Medium,Moderate
373,19,Female,Undergraduate,Ireland,4.4,Instagram,Yes,7.5,7,Single,3,6,Medium,Moderate
374,21,Male,Graduate,India,6.3,WhatsApp,Yes,6.0,5,In Relationship,4,8,High,High
375,20,Female,Undergraduate,Switzerland,3.4,Instagram,No,8.4,8,Single,2,4,Medium,Moderate
376,22,Male,Graduate,Turkey,5.0,TikTok,Yes,7.2,6,Single,3,7,Medium,High
377,19,Female,Undergraduate,USA,7.3,Instagram,Yes,5.0,5,In Relationship,4,9,High,High
378,21,Male,Graduate,Mexico,6.1,WhatsApp,Yes,6.1,6,Single,3,7,High,High
379,20,Female,Undergraduate,France,4.0,Instagram,No,8.0,7,In Relationship,2,5,Medium,Moderate
380,22,Male,Graduate,Canada,4.8,TikTok,Yes,7.4,6,Single,3,7,Medium,High
381,19,Female,Undergraduate,Spain,4.6,Instagram,Yes,7.3,6,Single,3,7,Medium,High
382,21,Male,Graduate,Denmark,3.4,Facebook,No,8.4,8,In Relationship,2,4,Medium,Moderate
383,20,Female,Undergraduate,Ireland,4.3,TikTok,Yes,7.6,7,Single,3,6,Medium,Moderate
384,22,Male,Graduate,India,6.4,WhatsApp,Yes,5.9,5,In Relationship,4,8,High,High
385,19,Female,Undergraduate,Switzerland,3.3,Instagram,No,8.5,8,Single,2,4,Medium,Moderate
386,21,Male,Graduate,Turkey,4.9,Instagram,Yes,7.3,6,Single,3,7,Medium,High
387,20,Female,Undergraduate,USA,7.4,TikTok,Yes,4.9,5,In Relationship,4,9,High,High
388,22,Male,Graduate,Mexico,6.2,WhatsApp,Yes,6.0,6,Single,3,7,High,High
389,19,Female,Undergraduate,France,3.9,Instagram,No,8.1,7,In Relationship,2,5,Medium,Moderate
390,21,Male,Graduate,Canada,4.7,Instagram,Yes,7.5,6,Single,3,7,Medium,High
391,20,Female,Undergraduate,Spain,4.5,TikTok,Yes,7.4,6,Single,3,7,Medium,High
392,22,Male,Graduate,Denmark,3.3,Facebook,No,8.5,8,In Relationship,2,4,Medium,Moderate
393,19,Female,Undergraduate,Ireland,4.2,Instagram,Yes,7.7,7,Single,3,6,Medium,Moderate
394,21,Male,Graduate,India,6.5,WhatsApp,Yes,5.8,5,In Relationship,4,8,High,High
395,20,Female,Undergraduate,Switzerland,3.2,Instagram,No,8.6,8,Single,2,4,Medium,Moderate
396,22,Male,Graduate,Turkey,4.8,TikTok,Yes,7.4,6,Single,3,7,Medium,High
397,19,Female,Undergraduate,USA,7.5,Instagram,Yes,4.8,5,In Relationship,4,9,High,High
398,21,Male,Graduate,Mexico,6.3,WhatsApp,Yes,5.9,6,Single,3,7,High,High
399,20,Female,Undergraduate,France,3.8,Instagram,No,8.2,7,In Relationship,2,5,Medium,Moderate
400,22,Male,Graduate,Canada,4.6,TikTok,Yes,7.6,6,Single,3,7,Medium,High
401,19,Female,Undergraduate,Spain,4.4,Instagram,Yes,7.5,6,Single,3,7,Medium,High
402,21,Male,Graduate,Denmark,3.2,Facebook,No,8.6,8,In Relationship,2,4,Medium,Moderate
403,20,Female,Undergraduate,Ireland,4.1,TikTok,Yes,7.8,7,Single,3,6,Medium,Moderate
404,22,Male,Graduate,India,6.6,WhatsApp,Yes,5.7,5,In Relationship,4,8,High,High
405,19,Female,Undergraduate,Switzerland,3.1,Instagram,No,8.7,8,Single,2,4,Medium,Moderate
406,21,Male,Graduate,Turkey,4.7,Instagram,Yes,7.5,6,Single,3,7,Medium,High
407,20,Female,Undergraduate,USA,7.6,TikTok,Yes,4.7,5,In Relationship,4,9,High,High
408,22,Male,Graduate,Mexico,6.4,WhatsApp,Yes,5.8,6,Single,3,7,High,High
409,19,Female,Undergraduate,France,3.7,Instagram,No,8.3,7,In Relationship,2,5,Medium,Moderate
410,21,Male,Graduate,Canada,4.5,Instagram,Yes,7.7,6,Single,3,7,Medium,High
411,20,Female,Undergraduate,Spain,4.3,TikTok,Yes,7.6,6,Single,3,7,Medium,High
412,22,Male,Graduate,Denmark,3.1,Facebook,No,8.7,8,In Relationship,2,4,Medium,Moderate
413,19,Female,Undergraduate,Ireland,4.0,Instagram,Yes,7.9,7,Single,3,6,Medium,Moderate
414,21,Male,Graduate,India,6.7,WhatsApp,Yes,5.6,5,In Relationship,4,8,High,High
415,20,Female,Undergraduate,Switzerland,3.0,Instagram,No,8.8,8,Single,2,4,Medium,Moderate
416,22,Male,Graduate,Turkey,4.6,TikTok,Yes,7.6,6,Single,3,7,Medium,High
417,19,Female,Undergraduate,USA,7.7,Instagram,Yes,4.6,5,In Relationship,4,9,High,High
418,21,Male,Graduate,Mexico,6.5,WhatsApp,Yes,5.7,6,Single,3,7,High,High
419,20,Female,Undergraduate,France,3.6,Instagram,No,8.4,7,In Relationship,2,5,Medium,Moderate
420,22,Male,Graduate,Canada,4.4,TikTok,Yes,7.8,6,Single,3,7,Medium,High
421,19,Female,Undergraduate,Spain,4.2,Instagram,Yes,7.7,6,Single,3,7,Medium,High
422,21,Male,Graduate,Denmark,3.0,Facebook,No,8.8,8,In Relationship,2,4,Medium,Moderate
423,20,Female,Undergraduate,Ireland,3.9,TikTok,Yes,8.0,7,Single,3,6,Medium,Moderate
424,22,Male,Graduate,India,6.8,WhatsApp,Yes,5.5,5,In Relationship,4,8,High,High
425,19,Female,Undergraduate,Switzerland,2.9,Instagram,No,8.9,8,Single,2,4,Medium,Moderate
426,21,Male,Graduate,Turkey,4.5,Instagram,Yes,7.7,6,Single,3,7,Medium,High
427,20,Female,Undergraduate,USA,7.8,TikTok,Yes,4.5,5,In Relationship,4,9,High,High
428,22,Male,Graduate,Mexico,6.6,WhatsApp,Yes,5.6,6,Single,3,7,High,High
429,19,Female,Undergraduate,France,3.5,Instagram,No,8.5,7,In Relationship,2,5,Medium,Moderate
430,21,Male,Graduate,Canada,4.3,Instagram,Yes,7.9,6,Single,3,7,Medium,High
431,20,Female,Undergraduate,Spain,4.1,TikTok,Yes,7.8,6,Single,3,7,Medium,High
432,22,Male,Graduate,Denmark,2.9,Facebook,No,8.9,8,In Relationship,2,4,Medium,Moderate
433,19,Female,Undergraduate,Ireland,3.8,Instagram,Yes,8.1,7,Single,3,6,Medium,Moderate
434,21,Male,Graduate,India,6.9,WhatsApp,Yes,5.4,5,In Relationship,4,8,High,High
435,20,Female,Undergraduate,Switzerland,2.8,Instagram,No,9.0,8,Single,2,4,Medium,Moderate
436,22,Male,Graduate,Turkey,4.4,TikTok,Yes,7.8,6,Single,3,7,Medium,High
437,19,Female,Undergraduate,USA,7.9,Instagram,Yes,4.4,5,In Relationship,4,9,High,High
438,21,Male,Graduate,Mexico,6.7,WhatsApp,Yes,5.5,6,Single,3,7,High,High
439,20,Female,Undergraduate,France,3.4,Instagram,No,8.6,7,In Relationship,2,5,Medium,Moderate
440,22,Male,Graduate,Canada,4.2,TikTok,Yes,8.0,6,Single,3,7,Medium,High
441,19,Female,Undergraduate,Spain,4.0,Instagram,Yes,7.9,6,Single,3,7,Medium,High
442,21,Male,Graduate,Denmark,2.8,Facebook,No,9.0,8,In Relationship,2,4,Medium,Moderate
443,20,Female,Undergraduate,Ireland,3.7,TikTok,Yes,8.2,7,Single,3,6,Medium,Moderate
444,22,Male,Graduate,India,7.0,WhatsApp,Yes,5.3,5,In Relationship,4,8,High,High
445,19,Female,Undergraduate,Switzerland,2.7,Instagram,No,9.1,8,Single,2,4,Medium,Moderate
446,21,Male,Graduate,Turkey,4.3,Instagram,Yes,7.9,6,Single,3,7,Medium,High
447,20,Female,Undergraduate,USA,8.0,TikTok,Yes,4.3,5,In Relationship,4,9,High,High
448,22,Male,Graduate,Mexico,6.8,WhatsApp,Yes,5.4,6,Single,3,7,High,High
449,19,Female,Undergraduate,France,3.3,Instagram,No,8.7,7,In Relationship,2,5,Medium,Moderate
450,21,Male,Graduate,Canada,4.1,Instagram,Yes,8.1,6,Single,3,7,Medium,High
451,20,Female,Undergraduate,Spain,3.9,TikTok,Yes,8.0,6,Single,3,7,Medium,High
452,22,Male,Graduate,Denmark,2.7,Facebook,No,9.1,8,In Relationship,2,4,Medium,Moderate
453,19,Female,Undergraduate,Ireland,3.6,Instagram,Yes,8.3,7,Single,3,6,Medium,Moderate
454,21,Male,Graduate,India,7.1,WhatsApp,Yes,5.2,5,In Relationship,4,8,High,High
455,20,Female,Undergraduate,Switzerland,2.6,Instagram,No,9.2,8,Single,2,4,Medium,Moderate
456,22,Male,Graduate,Turkey,4.2,TikTok,Yes,8.0,6,Single,3,7,Medium,High
457,19,Female,Undergraduate,USA,8.1,Instagram,Yes,4.2,5,In Relationship,4,9,High,High
458,21,Male,Graduate,Mexico,6.9,WhatsApp,Yes,5.3,6,Single,3,7,High,High
459,20,Female,Undergraduate,France,3.2,Instagram,No,8.8,7,In Relationship,2,5,Medium,Moderate
460,22,Male,Graduate,Canada,4.0,TikTok,Yes,8.2,6,Single,3,7,Medium,High
461,19,Female,Undergraduate,Spain,3.8,Instagram,Yes,8.1,6,Single,3,7,Medium,High
462,21,Male,Graduate,Denmark,2.6,Facebook,No,9.2,8,In Relationship,2,4,Medium,Moderate
463,20,Female,Undergraduate,Ireland,3.5,TikTok,Yes,8.4,7,Single,3,6,Medium,Moderate
464,22,Male,Graduate,India,7.2,WhatsApp,Yes,5.1,5,In Relationship,4,8,High,High
465,19,Female,Undergraduate,Switzerland,2.5,Instagram,No,9.3,8,Single,2,4,Medium,Moderate
466,21,Male,Graduate,Turkey,4.1,Instagram,Yes,8.1,6,Single,3,7,Medium,High
467,20,Female,Undergraduate,USA,8.2,TikTok,Yes,4.1,5,In Relationship,4,9,High,High
468,22,Male,Graduate,Mexico,7.0,WhatsApp,Yes,5.2,6,Single,3,7,High,High
469,19,Female,Undergraduate,France,3.1,Instagram,No,8.9,7,In Relationship,2,5,Medium,Moderate
470,21,Male,Graduate,Canada,3.9,Instagram,Yes,8.3,6,Single,3,7,Medium,High
471,20,Female,Undergraduate,Spain,3.7,TikTok,Yes,8.2,6,Single,3,7,Medium,High
472,22,Male,Graduate,Denmark,2.5,Facebook,No,9.3,8,In Relationship,2,4,Medium,Moderate
473,19,Female,Undergraduate,Ireland,3.4,Instagram,Yes,8.5,7,Single,3,6,Medium,Moderate
474,21,Male,Graduate,India,7.3,WhatsApp,Yes,5.0,5,In Relationship,4,8,High,High
475,20,Female,Undergraduate,Switzerland,2.4,Instagram,No,9.4,8,Single,2,4,Medium,Moderate
476,22,Male,Graduate,Turkey,4.0,TikTok,Yes,8.2,6,Single,3,7,Medium,High
477,19,Female,Undergraduate,USA,8.3,Instagram,Yes,4.0,5,In Relationship,4,9,High,High
478,21,Male,Graduate,Mexico,7.1,WhatsApp,Yes,5.1,6,Single,3,7,High,High
479,20,Female,Undergraduate,France,3.0,Instagram,No,9.0,7,In Relationship,2,5,Medium,Moderate
480,22,Male,Graduate,Canada,3.8,TikTok,Yes,8.4,6,Single,3,7,Medium,High
481,19,Female,Undergraduate,Spain,3.6,Instagram,Yes,8.3,6,Single,3,7,Medium,High
482,21,Male,Graduate,Denmark,2.4,Facebook,No,9.4,8,In Relationship,2,4,Medium,Moderate
483,20,Female,Undergraduate,Ireland,3.3,TikTok,Yes,8.6,7,Single,3,6,Medium,Moderate
484,22,Male,Graduate,India,7.4,WhatsApp,Yes,4.9,5,In Relationship,4,8,High,High
485,19,Female,Undergraduate,Switzerland,2.3,Instagram,No,9.5,8,Single,2,4,Medium,Moderate
486,21,Male,Graduate,Turkey,3.9,Instagram,Yes,8.3,6,Single,3,7,Medium,High
487,20,Female,Undergraduate,USA,8.4,TikTok,Yes,3.9,5,In Relationship,4,9,High,High
488,22,Male,Graduate,Mexico,7.2,WhatsApp,Yes,5.0,6,Single,3,7,High,High
489,19,Female,Undergraduate,France,2.9,Instagram,No,9.1,7,In Relationship,2,5,Medium,Moderate
490,21,Male,Graduate,Canada,3.7,Instagram,Yes,8.5,6,Single,3,7,Medium,High
491,20,Female,Undergraduate,Spain,3.5,TikTok,Yes,8.4,6,Single,3,7,Medium,High
492,22,Male,Graduate,Denmark,2.3,Facebook,No,9.5,8,In Relationship,2,4,Medium,Moderate
493,19,Female,Undergraduate,Ireland,3.2,Instagram,Yes,8.7,7,Single,3,6,Medium,Moderate
494,21,Male,Graduate,India,7.5,WhatsApp,Yes,4.8,5,In Relationship,4,8,High,High
495,20,Female,Undergraduate,Switzerland,2.2,Instagram,No,9.6,8,Single,2,4,Medium,Moderate
496,22,Male,Graduate,Turkey,3.8,TikTok,Yes,8.4,6,Single,3,7,Medium,High
497,19,Female,Undergraduate,USA,8.5,Instagram,Yes,3.8,5,In Relationship,4,9,High,High
498,21,Male,Graduate,Mexico,7.3,WhatsApp,Yes,4.9,6,Single,3,7,High,High
499,20,Female,Undergraduate,France,2.8,Instagram,No,9.2,7,In Relationship,2,5,Medium,Moderate
500,22,Male,Graduate,Canada,3.6,TikTok,Yes,8.6,6,Single,3,7,Medium,High
501,19,Female,Undergraduate,Brazil,6.2,WhatsApp,Yes,6.3,6,Single,3,7,High,High
502,21,Male,Graduate,China,4.5,WeChat,No,7.8,7,In Relationship,2,5,Medium,Moderate
503,20,Female,Undergraduate,Netherlands,3.8,Instagram,No,8.2,8,Single,2,4,Medium,Moderate
504,22,Male,Graduate,New Zealand,4.7,Instagram,Yes,7.5,7,In Relationship,3,6,Medium,Moderate
505,19,Female,Undergraduate,Singapore,5.1,TikTok,Yes,7.0,6,Single,3,7,High,High
506,21,Male,Graduate,Malaysia,5.5,WhatsApp,Yes,6.8,6,Single,3,7,High,High
507,20,Female,Undergraduate,UAE,6.5,Instagram,Yes,6.5,5,In Relationship,4,8,High,High
508,22,Male,Graduate,Poland,4.2,Facebook,No,7.9,7,Single,2,5,Medium,Moderate
509,19,Female,Undergraduate,India,6.8,WhatsApp,Yes,6.0,5,In Relationship,4,8,High,High
510,21,Male,Graduate,Canada,4.8,Instagram,Yes,7.4,7,Single,3,6,Medium,Moderate
511,20,Female,Undergraduate,Brazil,6.1,Instagram,Yes,6.4,6,Single,3,7,High,High
512,22,Male,Graduate,China,4.4,WeChat,No,7.9,7,In Relationship,2,5,Medium,Moderate
513,19,Female,Undergraduate,Netherlands,3.7,TikTok,No,8.3,8,Single,2,4,Medium,Moderate
514,21,Male,Graduate,New Zealand,4.6,Instagram,Yes,7.6,7,In Relationship,3,6,Medium,Moderate
515,20,Female,Undergraduate,Singapore,5.2,TikTok,Yes,6.9,6,Single,3,7,High,High
516,22,Male,Graduate,Malaysia,5.6,WhatsApp,Yes,6.7,6,Single,3,7,High,High
517,19,Female,Undergraduate,UAE,6.6,Instagram,Yes,6.4,5,In Relationship,4,8,High,High
518,21,Male,Graduate,Poland,4.1,Facebook,No,8.0,7,Single,2,5,Medium,Moderate
519,20,Female,Undergraduate,India,6.9,WhatsApp,Yes,5.9,5,In Relationship,4,8,High,High
520,22,Male,Graduate,Canada,4.7,TikTok,Yes,7.5,7,Single,3,6,Medium,Moderate
521,19,Female,Undergraduate,Brazil,6.0,WhatsApp,Yes,6.5,6,Single,3,7,High,High
522,21,Male,Graduate,China,4.3,WeChat,No,8.0,7,In Relationship,2,5,Medium,Moderate
523,20,Female,Undergraduate,Netherlands,3.6,Instagram,No,8.4,8,Single,2,4,Medium,Moderate
524,22,Male,Graduate,New Zealand,4.5,Facebook,Yes,7.7,7,In Relationship,3,6,Medium,Moderate
525,19,Female,Undergraduate,Singapore,5.3,TikTok,Yes,6.8,6,Single,3,7,High,High
526,21,Male,Graduate,Malaysia,5.7,WhatsApp,Yes,6.6,6,Single,3,7,High,High
527,20,Female,Undergraduate,UAE,6.7,Instagram,Yes,6.3,5,In Relationship,4,8,High,High
528,22,Male,Graduate,Poland,4.0,Facebook,No,8.1,7,Single,2,5,Medium,Moderate
529,19,Female,Undergraduate,India,7.0,WhatsApp,Yes,5.8,5,In Relationship,4,8,High,High
530,21,Male,Graduate,Canada,4.6,Instagram,Yes,7.6,7,Single,3,6,Medium,Moderate
531,20,Female,Undergraduate,Brazil,5.9,TikTok,Yes,6.6,6,Single,3,7,High,High
532,22,Male,Graduate,China,4.2,WeChat,No,8.1,7,In Relationship,2,5,Medium,Moderate
533,19,Female,Undergraduate,Netherlands,3.5,Instagram,No,8.5,8,Single,2,4,Medium,Moderate
534,21,Male,Graduate,New Zealand,4.4,Facebook,Yes,7.8,7,In Relationship,3,6,Medium,Moderate
535,20,Female,Undergraduate,Singapore,5.4,TikTok,Yes,6.7,6,Single,3,7,High,High
536,22,Male,Graduate,Malaysia,5.8,WhatsApp,Yes,6.5,6,Single,3,7,High,High
537,19,Female,Undergraduate,UAE,6.8,Instagram,Yes,6.2,5,In Relationship,4,8,High,High
538,21,Male,Graduate,Poland,3.9,Facebook,No,8.2,7,Single,2,5,Medium,Moderate
539,20,Female,Undergraduate,India,7.1,WhatsApp,Yes,5.7,5,In Relationship,4,8,High,High
540,22,Male,Graduate,Canada,4.5,TikTok,Yes,7.7,7,Single,3,6,Medium,Moderate
541,19,Female,Undergraduate,Brazil,5.8,WhatsApp,Yes,6.7,6,Single,3,7,High,High
542,21,Male,Graduate,China,4.1,WeChat,No,8.2,7,In Relationship,2,5,Medium,Moderate
543,20,Female,Undergraduate,Netherlands,3.4,Instagram,No,8.6,8,Single,2,4,Medium,Moderate
544,22,Male,Graduate,New Zealand,4.3,Instagram,Yes,7.9,7,In Relationship,3,6,Medium,Moderate
545,19,Female,Undergraduate,Singapore,5.5,TikTok,Yes,6.6,6,Single,3,7,High,High
546,21,Male,Graduate,Malaysia,5.9,WhatsApp,Yes,6.4,6,Single,3,7,High,High
547,20,Female,Undergraduate,UAE,6.9,Instagram,Yes,6.1,5,In Relationship,4,8,High,High
548,22,Male,Graduate,Poland,3.8,Facebook,No,8.3,7,Single,2,5,Medium,Moderate
549,19,Female,Undergraduate,India,7.2,WhatsApp,Yes,5.6,5,In Relationship,4,8,High,High
550,21,Male,Graduate,Canada,4.4,Instagram,Yes,7.8,7,Single,3,6,Medium,Moderate
551,20,Female,Undergraduate,Brazil,5.7,TikTok,Yes,6.8,6,Single,3,7,High,High
552,22,Male,Graduate,China,4.0,WeChat,No,8.3,7,In Relationship,2,5,Medium,Moderate
553,19,Female,Undergraduate,Netherlands,3.3,Instagram,No,8.7,8,Single,2,4,Medium,Moderate
554,21,Male,Graduate,New Zealand,4.2,Facebook,Yes,8.0,7,In Relationship,3,6,Medium,Moderate
555,20,Female,Undergraduate,Singapore,5.6,TikTok,Yes,6.5,6,Single,3,7,High,High
556,22,Male,Graduate,Malaysia,6.0,WhatsApp,Yes,6.3,6,Single,3,7,High,High
557,19,Female,Undergraduate,UAE,7.0,Instagram,Yes,6.0,5,In Relationship,4,8,High,High
558,21,Male,Graduate,Poland,3.7,Facebook,No,8.4,7,Single,2,5,Medium,Moderate
559,20,Female,Undergraduate,India,7.3,WhatsApp,Yes,5.5,5,In Relationship,4,8,High,High
560,22,Male,Graduate,Canada,4.3,TikTok,Yes,7.9,7,Single,3,6,Medium,Moderate
561,19,Female,Undergraduate,Brazil,5.6,WhatsApp,Yes,6.9,6,Single,3,7,High,High
562,21,Male,Graduate,China,3.9,WeChat,No,8.4,7,In Relationship,2,5,Medium,Moderate
563,20,Female,Undergraduate,Netherlands,3.2,Instagram,No,8.8,8,Single,2,4,Medium,Moderate
564,22,Male,Graduate,New Zealand,4.1,Instagram,Yes,8.1,7,In Relationship,3,6,Medium,Moderate
565,19,Female,Undergraduate,Singapore,5.7,TikTok,Yes,6.4,6,Single,3,7,High,High
566,21,Male,Graduate,Malaysia,6.1,WhatsApp,Yes,6.2,6,Single,3,7,High,High
567,20,Female,Undergraduate,UAE,7.1,Instagram,Yes,5.9,5,In Relationship,4,8,High,High
568,22,Male,Graduate,Poland,3.6,Facebook,No,8.5,7,Single,2,5,Medium,Moderate
569,19,Female,Undergraduate,India,7.4,WhatsApp,Yes,5.4,5,In Relationship,4,8,High,High
570,21,Male,Graduate,Canada,4.2,Instagram,Yes,8.0,7,Single,3,6,Medium,Moderate
571,20,Female,Undergraduate,Spain,6.1,Instagram,Yes,7.2,5,Single,4,7,High,High
572,23,Male,Graduate,Denmark,3.8,Twitter,No,7.8,8,In Relationship,2,4,Medium,Moderate
573,19,Female,Undergraduate,Ireland,5.5,TikTok,Yes,6.8,6,Single,4,8,High,High
574,22,Male,Graduate,India,7.2,Facebook,Yes,5.9,4,Single,5,9,High,High
575,21,Female,Undergraduate,Switzerland,4.2,Instagram,No,7.5,7,In Relationship,2,5,Medium,Moderate
576,24,Male,Graduate,Turkey,6.8,TikTok,Yes,6.2,5,Single,4,8,High,High
577,20,Female,Undergraduate,USA,5.9,Instagram,Yes,6.7,6,In Relationship,3,7,High,High
578,22,Male,Graduate,Mexico,6.5,Facebook,Yes,6.1,5,Single,4,8,High,High
579,19,Female,Undergraduate,France,4.7,Twitter,No,7.4,7,Single,2,5,Medium,Moderate
580,23,Male,Graduate,Canada,5.2,Instagram,Yes,7.0,6,In Relationship,3,6,High,Moderate
581,21,Female,Undergraduate,UK,6.3,TikTok,Yes,6.4,5,Single,4,8,High,High
582,24,Male,Graduate,Italy,4.9,Facebook,No,7.3,7,In Relationship,2,5,Medium,Moderate
583,20,Female,Undergraduate,Russia,6.7,Instagram,Yes,6.0,5,Single,4,8,High,High
584,22,Male,Graduate,China,5.8,WeChat,Yes,6.5,6,In Relationship,3,7,High,High
585,19,Female,Undergraduate,Japan,4.5,Twitter,No,7.6,8,Single,2,4,Medium,Moderate
586,23,Male,Graduate,Poland,6.4,Facebook,Yes,6.3,5,Single,4,8,High,High
587,21,Female,Undergraduate,Finland,4.1,Instagram,No,7.7,7,In Relationship,2,5,Medium,Moderate
588,24,Male,Graduate,Spain,6.6,TikTok,Yes,6.2,5,Single,4,8,High,High
589,20,Female,Undergraduate,Denmark,4.4,Instagram,No,7.4,7,In Relationship,2,5,Medium,Moderate
590,22,Male,Graduate,Ireland,5.7,Twitter,Yes,6.8,6,Single,3,7,High,High
591,19,Female,Undergraduate,India,7.0,Instagram,Yes,5.8,4,Single,5,9,High,High
592,23,Male,Graduate,Switzerland,4.3,Facebook,No,7.5,7,In Relationship,2,5,Medium,Moderate
593,21,Female,Undergraduate,Turkey,6.9,TikTok,Yes,6.1,5,Single,4,8,High,High
594,24,Male,Graduate,USA,5.6,Instagram,Yes,6.9,6,In Relationship,3,7,High,High
595,20,Female,Undergraduate,Mexico,6.2,Facebook,Yes,6.3,5,Single,4,8,High,High
596,21,Male,Undergraduate,France,5.8,Instagram,Yes,6.7,6,Single,3,7,High,High
597,23,Female,Graduate,Canada,4.9,TikTok,No,7.3,7,In Relationship,2,5,Medium,Moderate
598,20,Male,Undergraduate,UK,6.4,Facebook,Yes,6.2,5,Single,4,8,High,High
599,22,Female,Graduate,Italy,5.1,Twitter,No,7.1,7,In Relationship,2,5,High,Moderate
600,19,Male,Undergraduate,Russia,6.7,Instagram,Yes,6.0,4,Single,4,8,High,High
601,24,Female,Graduate,China,5.5,WeChat,Yes,6.8,6,In Relationship,3,7,High,High
602,21,Male,Undergraduate,Japan,4.3,Twitter,No,7.6,8,Single,2,4,Medium,Moderate
603,23,Female,Graduate,Poland,6.2,Instagram,Yes,6.4,5,Single,4,8,High,High
604,20,Male,Undergraduate,Finland,4.5,Facebook,No,7.4,7,In Relationship,2,5,Medium,Moderate
605,22,Female,Graduate,Spain,6.3,TikTok,Yes,6.3,5,Single,4,8,High,High
606,19,Male,Undergraduate,Denmark,4.7,Instagram,No,7.2,7,In Relationship,2,5,Medium,Moderate
607,24,Female,Graduate,Ireland,5.9,Twitter,Yes,6.6,6,Single,3,7,High,High
608,21,Male,Undergraduate,India,7.1,Facebook,Yes,5.7,4,Single,5,9,High,High
609,23,Female,Graduate,Switzerland,4.4,Instagram,No,7.4,7,In Relationship,2,5,Medium,Moderate
610,20,Male,Undergraduate,Turkey,6.6,TikTok,Yes,6.2,5,Single,4,8,High,High
611,22,Female,Graduate,USA,5.4,Instagram,Yes,6.9,6,In Relationship,3,7,High,High
612,19,Male,Undergraduate,Mexico,6.5,Facebook,Yes,6.1,5,Single,4,8,High,High
613,24,Female,Graduate,France,4.8,Twitter,No,7.3,7,In Relationship,2,5,Medium,Moderate
614,21,Male,Undergraduate,Canada,5.7,Instagram,Yes,6.7,6,Single,3,7,High,High
615,23,Female,Graduate,UK,6.1,TikTok,Yes,6.4,5,Single,4,8,High,High
616,20,Male,Undergraduate,Italy,4.6,Facebook,No,7.2,7,In Relationship,2,5,Medium,Moderate
617,22,Female,Graduate,Russia,6.8,Instagram,Yes,5.9,4,Single,5,9,High,High
618,19,Male,Undergraduate,China,5.6,WeChat,Yes,6.8,6,In Relationship,3,7,High,High
619,24,Female,Graduate,Japan,4.2,Twitter,No,7.5,8,Single,2,4,Medium,Moderate
620,21,Male,Undergraduate,Poland,6.3,TikTok,Yes,6.3,5,Single,4,8,High,High
621,23,Female,Graduate,Finland,4.4,Instagram,No,7.4,7,In Relationship,2,5,Medium,Moderate
622,20,Male,Undergraduate,Spain,6.5,Facebook,Yes,6.2,5,Single,4,8,High,High
623,22,Female,Graduate,Denmark,4.6,Twitter,No,7.3,7,In Relationship,2,5,Medium,Moderate
624,19,Male,Undergraduate,Ireland,5.8,Instagram,Yes,6.6,6,Single,3,7,High,High
625,24,Female,Graduate,India,7.0,TikTok,Yes,5.8,4,Single,5,9,High,High
626,21,Male,Undergraduate,Switzerland,4.5,Facebook,No,7.3,7,In Relationship,2,5,Medium,Moderate
627,23,Female,Graduate,Turkey,6.7,Instagram,Yes,6.1,5,Single,4,8,High,High
628,20,Male,Undergraduate,USA,5.5,Twitter,Yes,6.8,6,In Relationship,3,7,High,High
629,22,Female,Graduate,Mexico,6.4,Facebook,Yes,6.2,5,Single,4,8,High,High
630,19,Male,Undergraduate,France,4.7,Instagram,No,7.2,7,In Relationship,2,5,Medium,Moderate
631,24,Female,Graduate,Canada,5.6,TikTok,Yes,6.7,6,Single,3,7,High,High
632,21,Male,Undergraduate,UK,6.2,Facebook,Yes,6.3,5,Single,4,8,High,High
633,23,Female,Graduate,Italy,4.8,Twitter,No,7.1,7,In Relationship,2,5,Medium,Moderate
634,20,Male,Undergraduate,Russia,6.9,Instagram,Yes,5.9,4,Single,5,9,High,High
635,22,Female,Graduate,China,5.7,WeChat,Yes,6.7,6,In Relationship,3,7,High,High
636,19,Male,Undergraduate,Japan,4.4,Twitter,No,7.4,8,Single,2,4,Medium,Moderate
637,24,Female,Graduate,Poland,6.1,TikTok,Yes,6.4,5,Single,4,8,High,High
638,21,Male,Undergraduate,Finland,4.3,Instagram,No,7.5,7,In Relationship,2,5,Medium,Moderate
639,23,Female,Graduate,Spain,6.4,Facebook,Yes,6.2,5,Single,4,8,High,High
640,20,Male,Undergraduate,Denmark,4.5,Twitter,No,7.3,7,In Relationship,2,5,Medium,Moderate
641,22,Female,Graduate,Ireland,5.9,Instagram,Yes,6.5,6,Single,3,7,High,High
642,19,Male,Undergraduate,India,7.2,TikTok,Yes,5.7,4,Single,5,9,High,High
643,24,Female,Graduate,Switzerland,4.6,Facebook,No,7.2,7,In Relationship,2,5,Medium,Moderate
644,21,Male,Undergraduate,Turkey,6.8,Instagram,Yes,6.0,5,Single,4,8,High,High
645,23,Female,Graduate,USA,5.3,Twitter,Yes,6.8,6,In Relationship,3,7,High,High
646,22,Male,Graduate,Mexico,6.3,Facebook,Yes,6.2,5,Single,4,8,High,High
647,20,Female,Undergraduate,France,4.8,Instagram,No,7.1,7,In Relationship,2,5,Medium,Moderate
648,23,Male,Graduate,Canada,5.7,TikTok,Yes,6.6,6,Single,3,7,High,High
649,21,Female,Undergraduate,UK,6.2,Twitter,Yes,6.3,5,Single,4,8,High,High
650,24,Male,Graduate,Italy,4.7,Facebook,No,7.2,7,In Relationship,2,5,Medium,Moderate
651,19,Female,Undergraduate,Russia,6.8,Instagram,Yes,5.9,4,Single,5,9,High,High
652,22,Male,Graduate,China,5.6,WeChat,Yes,6.7,6,In Relationship,3,7,High,High
653,20,Female,Undergraduate,Japan,4.3,Twitter,No,7.5,8,Single,2,4,Medium,Moderate
654,23,Male,Graduate,Poland,6.2,TikTok,Yes,6.3,5,Single,4,8,High,High
655,21,Female,Undergraduate,Finland,4.4,Instagram,No,7.4,7,In Relationship,2,5,Medium,Moderate
656,24,Male,Graduate,Spain,6.5,Facebook,Yes,6.1,5,Single,4,8,High,High
657,19,Female,Undergraduate,Denmark,4.6,Twitter,No,7.3,7,In Relationship,2,5,Medium,Moderate
658,22,Male,Graduate,Ireland,5.8,Instagram,Yes,6.6,6,Single,3,7,High,High
659,20,Female,Undergraduate,India,7.1,TikTok,Yes,5.8,4,Single,5,9,High,High
660,23,Male,Graduate,Switzerland,4.5,Facebook,No,7.3,7,In Relationship,2,5,Medium,Moderate
661,21,Female,Undergraduate,Turkey,6.7,Instagram,Yes,6.0,5,Single,4,8,High,High
662,24,Male,Graduate,USA,5.4,Twitter,Yes,6.8,6,In Relationship,3,7,High,High
663,19,Female,Undergraduate,Mexico,6.4,TikTok,Yes,6.2,5,Single,4,8,High,High
664,22,Male,Graduate,France,4.7,Facebook,No,7.2,7,In Relationship,2,5,Medium,Moderate
665,20,Female,Undergraduate,Canada,5.6,Instagram,Yes,6.7,6,Single,3,7,High,High
666,23,Male,Graduate,UK,6.3,Twitter,Yes,6.2,5,Single,4,8,High,High
667,21,Female,Undergraduate,Italy,4.8,TikTok,No,7.1,7,In Relationship,2,5,Medium,Moderate
668,24,Male,Graduate,Russia,6.9,Instagram,Yes,5.9,4,Single,5,9,High,High
669,19,Female,Undergraduate,China,5.7,WeChat,Yes,6.7,6,In Relationship,3,7,High,High
670,22,Male,Graduate,Japan,4.4,Twitter,No,7.4,8,Single,2,4,Medium,Moderate
671,20,Female,Undergraduate,Poland,6.1,Facebook,Yes,6.4,5,Single,4,8,High,High
672,23,Male,Graduate,Finland,4.3,Instagram,No,7.5,7,In Relationship,2,5,Medium,Moderate
673,21,Female,Undergraduate,Spain,6.4,TikTok,Yes,6.2,5,Single,4,8,High,High
674,24,Male,Graduate,Denmark,4.5,Twitter,No,7.3,7,In Relationship,2,5,Medium,Moderate
675,19,Female,Undergraduate,Ireland,5.9,Instagram,Yes,6.5,6,Single,3,7,High,High
676,22,Male,Graduate,India,7.2,Facebook,Yes,5.7,4,Single,5,9,High,High
677,20,Female,Undergraduate,Switzerland,4.6,TikTok,No,7.2,7,In Relationship,2,5,Medium,Moderate
678,23,Male,Graduate,Turkey,6.8,Instagram,Yes,6.0,5,Single,4,8,High,High
679,21,Female,Undergraduate,USA,5.3,Twitter,Yes,6.8,6,In Relationship,3,7,High,High
680,24,Male,Graduate,Mexico,6.2,Facebook,Yes,6.3,5,Single,4,8,High,High
681,19,Female,Undergraduate,France,4.7,Instagram,No,7.2,7,In Relationship,2,5,Medium,Moderate
682,22,Male,Graduate,Canada,5.8,TikTok,Yes,6.6,6,Single,3,7,High,High
683,20,Female,Undergraduate,UK,6.1,Twitter,Yes,6.4,5,Single,4,8,High,High
684,23,Male,Graduate,Italy,4.8,Facebook,No,7.1,7,In Relationship,2,5,Medium,Moderate
685,21,Female,Undergraduate,Russia,6.7,Instagram,Yes,6.0,4,Single,5,9,High,High
686,24,Male,Graduate,China,5.5,WeChat,Yes,6.8,6,In Relationship,3,7,High,High
687,19,Female,Undergraduate,Japan,4.2,Twitter,No,7.5,8,Single,2,4,Medium,Moderate
688,22,Male,Graduate,Poland,6.3,TikTok,Yes,6.2,5,Single,4,8,High,High
689,20,Female,Undergraduate,Finland,4.4,Instagram,No,7.4,7,In Relationship,2,5,Medium,Moderate
690,23,Male,Graduate,Spain,6.5,Facebook,Yes,6.1,5,Single,4,8,High,High
691,21,Female,Undergraduate,Denmark,4.6,Twitter,No,7.3,7,In Relationship,2,5,Medium,Moderate
692,24,Male,Graduate,Ireland,5.9,Instagram,Yes,6.5,6,Single,3,7,High,High
693,19,Female,Undergraduate,India,7.0,TikTok,Yes,5.8,4,Single,5,9,High,High
694,22,Male,Graduate,Switzerland,4.5,Facebook,No,7.3,7,In Relationship,2,5,Medium,Moderate
695,20,Female,Undergraduate,Turkey,6.6,Instagram,Yes,6.1,5,Single,4,8,High,High
696,23,Male,Graduate,USA,5.5,Twitter,Yes,6.7,6,In Relationship,3,7,High,High
697,21,Female,Undergraduate,Mexico,6.3,TikTok,Yes,6.2,5,Single,4,8,High,High
698,24,Male,Graduate,France,4.8,Facebook,No,7.1,7,In Relationship,2,5,Medium,Moderate
699,19,Female,Undergraduate,Canada,5.7,Instagram,Yes,6.6,6,Single,3,7,High,High
700,22,Male,Graduate,UK,6.2,Twitter,Yes,6.3,5,Single,4,8,High,High
701,20,Female,Undergraduate,Italy,4.7,TikTok,No,7.2,7,In Relationship,2,5,Medium,Moderate
702,23,Male,Graduate,Russia,6.8,Instagram,Yes,5.9,4,Single,5,9,High,High
703,21,Female,Undergraduate,China,5.6,WeChat,Yes,6.7,6,In Relationship,3,7,High,High
704,24,Male,Graduate,Japan,4.3,Twitter,No,7.5,8,Single,2,4,Medium,Moderate
705,19,Female,Undergraduate,Poland,6.2,Facebook,Yes,6.3,5,Single,4,8,High,High
